CLASSIFICADOR,PRECISAO,REVOGACAO,F1,TREINAMENTO [s],TESTE [s] 
Dummy,0.0,0.0,0.0,0.00047838986688776173,0.00028030792916096945
"Envelope Elíptico: {'assume_centered': False, 'contamination': 0.01, 'random_state': 1, 'support_fraction': 0.99}",0.11443442705426586,0.11443442705426586,0.11443442705426586,0.05239433661355307,0.0008427283621938839
"Local Outlier Factor (LOF): {'algorithm': 'auto', 'contamination': 'auto', 'leaf_size': 15, 'metric': 'chebyshev', 'n_neighbors': 20, 'novelty': True}",0.1265773494620005,0.1265773494620005,0.1265773494620005,0.002235246519815359,0.0018181113414684866
"One-Class SVM: {'gamma': 0.01, 'kernel': 'sigmoid', 'nu': 0.001}",0.15380247989505724,0.15380247989505724,0.15380247989505724,0.0007944110107506699,0.0008574626004940829
"Floresta de Isolamento: {'bootstrap': False, 'contamination': 1e-09, 'max_features': 0.75, 'max_samples': 0.5, 'n_estimators': 100, 'random_state': 1}",0.17635529613876208,0.17635529613876208,0.17635529613876208,0.03183917615559893,0.008854967140188248
